loc,title,institution,start,end,description_1,description_2,description_3,section,order
Department of Evolutionary Botany,PhD thesis,"University of Neuchâtel, Switzerland",2005,2009,Worldwide biogeography and systematics of Sapindaceae: a molecular and taxonomic survey combining large data sets and novel methodological approaches,NA,NA,education,1
Department of Evolutionary Botany,"Master of Science in Behaviour, Ecology and Evolution (with high distinction)","University of Neuchâtel, Switzerland",2000,2005,Biogeography and systematics of the genus Gouania (Rhamnaceae) in the western Indian Ocean,NA,NA,education,2
Department of Biological Sciences,Assistant Professor,"Boise State University, ID",2017,present,,NA,NA,research_positions,NA
Department of Life Sciences,"Senior Curator in Charge, Ferns and General herbarium I & II","Natural History Museum, London, UK",2016,2017,NA,NA,NA,research_positions,NA
Department of Life Sciences,Researcher,"Natural History Museum, London, UK",2015,2016,NA,NA,NA,research_positions,NA
Jodrell Laboratory,Plant Evolutionary Biologist,"Royal Botanic Gardens, Kew, UK",2012,2014,NA,NA,NA,research_positions,NA
Jodrell Laboratory,Marie-Curie postdoctoral fellow,"Royal Botanic Gardens, Kew, UK",2010,2012,Funded by the Marie-Curie Intra-European program,NA,NA,research_positions,NA
Missouri Botanical Garden,Research associate,"Saint-Louis, MO",2019,2020,NA,NA,NA,research_positions,NA
Real Jardin Botanico,SNSF postdoctoral fellow,"Madrid, Spain",2009,2010,Funded by the Swiss National Science Foundation,NA,NA,research_positions,NA
Department of Evolutionary Botany,Research Assistant,"University of Neuchâtel, Switzerland",2003,2005,NA,NA,NA,research_positions,NA
Department of Biological Sciences,VIP: Genome 2 phenome,"Boise State University, ID",2020,present,NA,"<i class=""fa fa-github""></i> https://svenbuerki.github.io/VIPGenome2Phenome/",Undergraduate and graduate level class,teaching_positions,NA
Department of Biological Sciences,"BIOL497 & BIOL597 – Special Topics, Genomics & Bioinformatics","Boise State University, ID",2017,present,NA,"<i class=""fa fa-github""></i> https://svenbuerki.github.io/Genomics-Bioinformatics/",Undergraduate and graduate level class,teaching_positions,NA
Department of Biological Sciences,EEB 603 – Reproducible Science,"Boise State University, ID",2017,present,NA,NA,Graduate level class,teaching_positions,NA
_**Botanical Journal of the Linnean Society**_. In press.,"<span style=""color:blue"">#103</span> Harnessing large-scale biodiversity data to infer the current range of *Vanilla planifolia* (Orchidaceae)",,2021,2021,"Ellestad P, Forest F, Novak S, Serpe M, **Buerki S.**",https://doi.org/10.1093/botlinnean/boab005 (IF2019: 2.076),NA,academic_articles,NA
_**Willdenowia**_. In press.,"<span style=""color:blue"">#102</span> Otto Warburg and his contributions to the screw pine family (Pandanaceae)",,2021,2021,"Callmander MW, Vogt R, Donatelli A, **Buerki S**, Neppi C.",https://doi.org/10.3372/wi.51.51101 (IF2019: 0.887),NA,academic_articles,NA
"_**Genes**_, 12(2): 293","<span style=""color:blue"">#101</span> G2PMineR: A genome to phenome literature review approach",,2021,2021,"Wojahn JMA, Galla SJ, Melton AE, **Buerki S**.",https://doi.org/10.3390/genes12020293 (IF2019: 3.759),"<i class=""fa fa-github""></i> https://buerkilabteam.github.io/G2PMineR_Web/",academic_articles,NA
_**Taxon**_. 70: 182-184,"<span style=""color:blue"">#100</span> Neotypification of *Pandanus odorifer*, the correct name for *P. odoratissimus* (Pandanaceae)",,2021,2021,"Callmander MW, Gallaher T, McNeill J, Beentje H, Nadaf AB, Middelton D, **Buerki S**.",https://doi.org/10.1002/tax.12406 (IF2019: 2.817),NA,academic_articles,NA
"_**Plants**_, 9 (12): 1717.","<span style=""color:blue"">#99</span> Development of an in vitro method of propagation for *Artemisia tridentata* subsp. *tridentata* to support genome sequencing and genotype-by-environment research",,2020,2020,"Barron R, Martinez P, Serpe M, **Buerki S.**",https://doi.org/10.3390/plants9121717 (IF2019: 2.762),"<i class=""fa fa-github""></i> https://svenbuerki.github.io/Sagebrush_rooting_in_vitro_prop/",academic_articles,NA
"_**Candollea**_, 75: 269-284","<span style=""color:blue"">#98</span> Two new genera of Sapindaceae (Cupanieae) from the southern Pacific: *Lepidocupania* and *Neoarytera*",,2020,2020,"**Buerki S**, Munzinger J, PP Lowry II, Callmander MW.",https://doi.org/10.15553/c2020v752a9 (IF2018: 0.561),NA,academic_articles,NA
"_**Candollea**_, 75: 241-244","<span style=""color:blue"">#97</span> New combinations for two species in the genus *Synima* (Sapindaceae, Cupanieae) from Queensland (Australia)",,2020,2020,"Callmander MW, Ford AJ, **Buerki S**.",https://doi.org/10.15553/c2020v752a7 (IF2018: 0.561),NA,academic_articles,NA
_**Taxon**_. 69: 115-116.,"<span style=""color:blue"">#96</span> (2772) Proposal to conserve the name *Pandanus ornatus* Kurz (*Benstonea ornata*) against *P. ornatus* W. Bull with a conserved type (Pandanaceae)",,2020,2020,"Callmander MW, **Buerki S**, Gereau RE.",https://doi.org/10.1002/tax.12337 (IF2019: 2.817),NA,academic_articles,NA
"_**International Journal of Plant Sciences**_, 181: 748-765.","<span style=""color:blue"">#95</span> Evolutionary origins of three rare Alpine-endemic species of Lomatium (Apiaceae) in the Wallowa and Elkhorn mountains of Northeastern Oregon",,2020,2020,"Ottenlips MS, Feist MAE, Mansfield DH, Plunkett GM, **Buerki S**, Smith JF.",https://doi.org/10.1086/709373 (IF2018: 1.425),NA,academic_articles,NA
"_**Nature**_, 584: 579-583.","<span style=""color:blue"">#94</span> New Guinea has the world's richest island flora",,2020,2020,"Camara-Leret R, …, **Buerki S**, …, van Welzen PC.",https://doi.org/10.1038/s41586-020-2549-5 (IF2018: 43.070),NA,academic_articles,NA
"_**Candollea**_, 75: 99-105.","<span style=""color:blue"">#93</span> Novelties from the Northern Mountains Complex of Madagascar V: A new threatened *Pandanus* (Pandanaceae) from the Kalobinono massif",,2020,2020,"Callmander MW, Razakamalala R, Luino I, Lala Andriamarisoa R, **Buerki S**.",https://doi.org/10.15553/c2020v751a10 (IF2018: 0.561),NA,academic_articles,NA
"_**Functional Ecology**_, 34: 1170-1179.","<span style=""color:blue"">#92</span> Intraspecific variation in surface water uptake in a perennial desert shrub",,2020,2020,"Zaiats A, Brynne L, Germino M, Serpe M, Richardson B, **Buerki S**, Caughlin T.",https://doi.org/10.1111/1365-2435.13546 (IF2018: 5.03),NA,academic_articles,NA
"_**Systematic Botany**_, 45: 156-162.","<span style=""color:blue"">#91</span> A new micro-endemic species of *Alectryon* (Sapindaceae) from Koghis forest, New Caledonia",,2020,2020,"Munzinger J, Lowry II PP, Callmander MW, **Buerki S**.",https://doi.org/10.1600/036364420X15801369352414 (IF2018: 1.259),NA,academic_articles,NA
"_**Biological Conservation**_, 242: 108438.","<span style=""color:blue"">#90</span> The ghost fruits of Madagascar: Identifying dysfunctional seed dispersal in Madagascar’s endemic flora",,2020,2020,"Albert-Daviaud A, **Buerki S**, Onjalalaina GE, Perillo S, Rabarijaona R, Razafindratsima OH, Sato H, Valenta K, Wright PC, Stuppy W.",https://doi.org/10.1016/j.biocon.2020.108438 (IF2018: 4.451),NA,academic_articles,NA
"_**Applied and Environmental Microbiology**_, 80: e02334-19.","<span style=""color:blue"">#89</span> Influences of a prolific gut fungus (*Zancudomyces culisetae*) on larval and adult mosquito (*Aedes aegypti*) – Associated Microbiota",,2020,2020,"Frankel-Bricker J, **Buerki S**, Feris K, White MM.",https://doi.org/10.1128/AEM.02334-19 (IF2018: 4.077),Published with graduate student.,academic_articles,NA
"_**Frontiers in Ecology and Evolution**_, 7: 233.","<span style=""color:blue"">#88</span> Biogeography and ecological diversification of a mayfly clade in New Guinea",,2019,2019,"Cozzarolo C-S, Balke M, **Buerki S**, Arrigo N, Pitteloud C, Gueuning M, Salamin N, Sartori M, Alvarez N.",https://doi.org/10.3389/fevo.2019.00233 (IF2018: 2.686),NA,academic_articles,NA
"_**International Journal of Plant Sciences**_, 180: 63-71.","<span style=""color:blue"">#87</span> The role of Antarctica in biogeographical reconstruction: A point of view",,2019,2019,"de la Estrella M, **Buerki S**, Vasconcelos T, Lucas EJ, Forest F.",https://doi.org/10.1086/700581 (IF2016: 1.748),NA,academic_articles,NA
"_**American Journal of Botany**_, 105: 1175-1187.","<span style=""color:blue"">#86</span> Shedding new light on the origin and spread of the brinjal eggplant (*Solanum melongena* L.; Solanaceae) and its wild relatives",,2018,2018,"Aubriot X, Knapp S, Syfert M, Poczai P, **Buerki S**.",https://doi.org/10.1002/ajb2.1133 (IF2017: 2.788),NA,academic_articles,NA
"_**Candollea**_, 73: 115-120.","<span style=""color:blue"">#85</span> A new species and a new synonym in *Pandanus* subg. Rykia (Pandanaceae) in Thailand",,2018,2018,"Callmander MW, **Buerki S**.",https://doi.org/10.15553/c2018v731a12 (IF2016: 0.462),NA,academic_articles,NA
"_**Scientific Reports**_, 8: 6053.  ","<span style=""color:blue"">#84</span> Gymnosperms on the EDGE",,2018,2018,"Forest F, Baloch E, Brummitt NA, Bachman S, Moat J, Ickert-Bond S, Hollingsworth PM, Liston A, Little DP, Mathews S, Rai H, Rydin C, Stevenson DW, Thomas P, **Buerki S**.",https://doi.org/10.1038/s41598-018-24365-4 (IF2016: 4.259),NA,academic_articles,NA
"_**Systematics and Biodiversity**_, 16: 483-487.","<span style=""color:blue"">#83</span> Museum collections are the key to studying lemurs’ diet: gastrointestinal morphology of *Cheirogaleus major*",,2018,2018,"**Buerki S**, Portela Miguez R.",https://doi.org/10.1080/14772000.2018.1430708 (IF2016: 2.127),NA,academic_articles,NA
"_**Scientific Reports**_, 7: 16089. ","<span style=""color:blue"">#82</span> Elevation in tropical sky islands as the common driver in structuring genes and communities of freshwater organisms",,2017,2017,"Gueuning M, Suchan T,  Rutschmann S, Gattolliat J-L, Jamsari A, Kamil AI, Pitteloud C, **Buerki S**, Balke M, Sartori M, Alvarez N.",https://doi.org/10.1038/s41598-017-16069-y (IF2016: 4.259),NA,academic_articles,NA
"_**Novon**_, 25: 4210-429.","<span style=""color:blue"">#81</span> *Alectryon vitiensis*: A new species of Sapindaceae endemic to Fiji",,2017,2017,"**Buerki S**, Lowry II PP, Munzinger J, Tuiwawa M, Naikatini A, Callmander MW. ",https://doi.org/10.3417/D-16-00006 (IF2016: 0.512),NA,academic_articles,NA
"_**Annals of Botany**_, 120: 257-269. ","<span style=""color:blue"">#80</span> Untangling the reticulate history of species complexes and horticultural breeds in *Abelia* (Caprifoliaceae)",,2017,2017,"Landrein S, **Buerki S**, Wang H-F, Clarkson J. ",https://doi.org/10.1093/aob/mcw279 (IF2016: 4.041),NA,academic_articles,NA
"_**Journal of Biogeography**_, 44: 1598-1611.","<span style=""color:blue"">#79</span> Navigating the ‘broad freeway’: ocean currents and inland isolation drive diversification in the *Pandanus tectorius* complex (Pandanaceae)",,2017,2017,"Gallaher T, Callmander MW, **Buerki S**, Setsuko S, Keeley SC.",https://doi.org/10.1111/jbi.12933 (IF2015: 3.997),NA,academic_articles,NA
"_**Biological Journal of the Linnean Society**_, 121: 469-474.","<span style=""color:blue"">#78</span> How old are island endemics?",,2017,2017,"Pillon Y, **Buerki S**.",https://doi.org/10.1093/biolinnean/blx005 (IF2015: 2.288),NA,academic_articles,NA
"_**Botanical Journal of the Linnean Society**_, 184: 32-45.","<span style=""color:blue"">#77</span> Large-scale phylogeny of *Amorphophallus* (Araceae) derived from nuclear and plastid sequences reveals new subgeneric delineation",,2017,2017,"Claudel C, **Buerki S**, Chatrou LW, Antonelli A, Alvarez N, Hetterscheid W.",https://doi.org/10.1093/botlinnean/box013 (IF2015: 2.523),NA,academic_articles,NA
"_**Proceedings of the Royal Society, B**_, 284: 20170208.","<span style=""color:blue"">#76</span> Climatic niche evolution is faster in sympatric than allopatric lineages of the butterfly genus *Pyrgus*",,2017,2017,"Pitteloud C, Arrigo N, Suchan T, Mastretta-Yanes A, Vila R, Dinca V, Hernández-Roldán J, Brockmann E, Chittaro Y, Kleckova I, Fumagalli L, **Buerki S**¶, Pellicier L¶, Alvarez N¶.",https://doi.org/10.1098/rspb.2017.0208 (IF2015: 4.82),¶These authors supervised this work together and are considered as joint last authors.,academic_articles,NA
"_**Botanical Journal of the Linnean Society**_, 183: 177-198.","<span style=""color:blue"">#75</span> How many genera of vascular plants are endemic to New Caledonia? A critical review based on phylogenetic evidence",,2017,2017,"Pillon Y, Barrabé L, **Buerki S**. ",https://doi.org/10.1093/botlinnean/bow001 (IF2015: 2.523),REVIEW,academic_articles,NA
"_**Molecular Phylogenetics and Evolution**_, 108: 34-48.","<span style=""color:blue"">#74</span> Biogeographical patterns of *Myrcia* s.l. (Myrtaceae) and their correlation with geological and climatic history in the Neotropics",,2017,2017,"Santos M, Lucas E, Sano PT, **Buerki S**, Staggemeier VG, Forest F.",https://doi.org/10.1016/j.ympev.2017.01.012 (IF2015: 3.792),NA,academic_articles,NA
"_**Candollea**_, 71: 257-263.","<span style=""color:blue"">#73</span> Two new threatened species of *Benstonea* Callm. & Buerki (Pandanaceae) from Sabah (Borneo, Malaysia)",,2016,2016,"Callmander MW, **Buerki S**.",https://doi.org/10.15553/c2016v712a10 (IF2015: 0.386),NA,academic_articles,NA
"_**Candollea**_, 71: 217-229.","<span style=""color:blue"">#72</span> Biogeography and evolution of the screw-pine genus *Benstonea* Callm. & Buerki (Pandanaceae)",,2016,2016,"**Buerki S**, Gallaher T, Booth T, Brewer G, Forest F, Callmander MW.",https://doi.org/10.15553/c2016v712a8 (IF2015: 0.386),NA,academic_articles,NA
"_**Systematic Botany**_, 41: 851-864.","<span style=""color:blue"">#71</span> *Pleurostylia serrulata* and two allied new species from Africa are actually members of the New World *Crossopetalum* (Celastraceae)",,2016,2016,"Darbyshire I, Simmons MP, Cappa JJ, Breteler FJ, **Buerki S**.",https://doi.org/10.1600/036364416X693955 (IF2015: 1.098),NA,academic_articles,NA
"_**Taxon**_, 65: 1019-1036.","<span style=""color:blue"">#70</span> Molecular phylogenetics and molecular clock dating of Sapindales based on plastid *rbcL*, *atpB* and *trnL-trnF* DNA sequences",,2016,2016,"Muellner-Riehl AN, Weeks A, Clayton JW, **Buerki S**, Nauheimer L, Chiang Y-C, Cody S, Pell SK.",https://doi.org/10.12705/655.5 (IF2015: 2.9),NA,academic_articles,NA
"_**Phytotaxa**_, 275: 168-174.","<span style=""color:blue"">#69</span> Lifting the curtain on our knowledge of New Guinean *Benstonea* (Pandanaceae)",,2016,2016,"Callmander MW, Keim AP, Heatbun CD, Homot P, **Buerki S**.",https://doi.org/10.11646/phytotaxa.275.2.8 (IF2015: 1.318),NA,academic_articles,NA
"_**Systematic Botany**_, 41: 387-400.","<span style=""color:blue"">#68</span> A taxonomic revision of the endemic New Caledonian genus *Storthocalyx* Baill. (Sapindaceae)",,2016,2016,"Munzinger J, Lowry II PP, **Buerki S**, Callmander MW.",https://doi.org/10.1600/036364416X691902 (IF2014: 1.229),NA,academic_articles,NA
"_**Molecular Phylogenetics and Evolution**_, 96: 178-186.","<span style=""color:blue"">#67</span> Generic delimitations, biogeography and evolution in the tribe Coleeae (Bignoniaceae), endemic to Madagascar and the smaller islands of the western Indian Ocean",,2016,2016,"Callmander MW, Phillipson PB, Plunkett GM, Edwards MB, **Buerki S**.",https://doi.org/10.1016/j.ympev.2015.11.016 (IF2014: 3.916),NA,academic_articles,NA
"_**Biological Journal of the Linnean Society**_, 117: 5-10.","<span style=""color:blue"">#66</span> Collections-based research in the genomic era",,2016,2016,"**Buerki S**, Baker WJ.",https://doi.org/10.1111/bij.12721 (IF2014: 2.264),NA,academic_articles,NA
"_**PLoS ONE**_, 10(9): e0136063.","<span style=""color:blue"">#65</span> Uncovering cryptic parasitoid diversity in *Horismenus* (Chalcidoidea, Eulophidae)",,2015,2015,"Kenyon SG¶, **Buerki S**¶, Hansson C, Alvarez N, Benrey B.",https://doi.org/10.1371/journal.pone.0136063 (IF2014: 3.234) ,These authors have contributed equally and are considered joint first authors.,academic_articles,NA
"_**New Phytologist**_, 208(2): 469-481","<span style=""color:blue"">#64</span> A macro-ecological perspective on CAM photosynthesis evolution in Afro-Madagascan drylands: Eulophiinae orchids as a case study",,2015,2015,"Bone RE, Smith JAC, Arrigo N, **Buerki S**.",https://doi.org/10.1111/nph.13572 (IF2014: 7.672),NA,academic_articles,NA
"_**Candollea**_, 70: 179-195.","<span style=""color:blue"">#63</span> The genus *Pandanus* Parkinson (Pandanaceae) on Halmahera Island (Moluccas, Indonesia) with descriptions of three new species and a key to the species on the island",,2015,2015,"Callmander MW, Keim AP, **Buerki S**, Phillipson PB.",https://doi.org/10.15553/c2015v702a2 (IF2014: 0.468),NA,academic_articles,NA
"_**Botanical Journal of the Linnean Society**_, 179: 43-56.","<span style=""color:blue"">#62</span> Phylogenetics of Eulophiinae (Orchidaceae: Epidendroideae): evolutionary patterns and implications for generic delimitation",,2015,2015,"Bone RE, Cribb PJ, **Buerki S**.",https://doi.org/10.1111/boj.12299 (IF2014: 2.53),NA,academic_articles,NA
"_**Adansonia, sér. 3**_., 37(1): 131-137. ","<span style=""color:blue"">#61</span> Novitates neocaledonicae II. *Acropogon moratianus* Callm., Munzinger & Lowry, sp. nov. (Malvaceae, Sterculieae): a rare and threatened new species from New Caledonia",,2015,2015,"Callmander MW, Munzinger J, **Buerki S**, Lowry II PP.",https://doi.org/10.5252/a2015n1a8 (IF2014: 0.500),NA,academic_articles,NA
"_**BMC Evolutionary Biology**_, 15: 29.","<span style=""color:blue"">#60</span> Evolutionary history and leaf succulence as explanations for medicinal use in aloes and the global popularity of *Aloe vera*",,2015,2015,"Grace OM, **Buerki S**, Symonds MRE, Forest F, van Wyk AE, Smith GF, Klopper RR, Bjorå CS, Neale S, Demissew S, Simmonds MSJ, Rønsted N.",https://doi.org/10.1186/s12862-015-0291-7 (IF2013: 3.41),NA,academic_articles,NA
"_**Philosophical Transactions of the Royal Society, serie B**_, 370: 20140014.","<span style=""color:blue"">#59</span> Incorporating evolutionary history into conservation planning in biodiversity hotspots",,2015,2015,"**Buerki S**, Callmander MW, Bachman S, Moat J, Labat J.-N, Forest F.",https://doi.org/10.1098/rstb.2014.0014 (IF2014: 7.055) ,NA,academic_articles,NA
"_**Molecular Phylogenetics and Evolution**_, 83: 20-32.","<span style=""color:blue"">#58</span> A long distance dispersal hypothesis for the Pandanaceae and the origins of the *Pandanus tectorius* complex",,2015,2015,"Gallaher T, Callmander MW, **Buerki S**, Keeley SC.",https://doi.org/10.1016/j.ympev.2014.11.002 (IF2013: 4.018),NA,academic_articles,NA
"_**Candollea**_, 69: 201-205. ","<span style=""color:blue"">#57</span> The transfer of *Eulophia beravensis* Rchb.f. to *Oeceoclades* Lindl., a genus with its centre of diversity in Madagascar (Eulophiinae, Orchidaceae)",,2014,2014,"Bone RE, Sanz E, **Buerki S**.",(IF2013: 0.440),NA,academic_articles,NA
"_**Candollea**_, 69: 195-200.","<span style=""color:blue"">#56</span> Rediscovery of the genus *Tsingya* Capuron (Sapindaceae) and its phylogenetic position",,2014,2014,"**Buerki S**, Doherty R, Gautier L, Callmander MW.",(IF2013: 0.440),NA,academic_articles,NA
"_**Phytotaxa**_, 175: 161-165.","<span style=""color:blue"">#55</span> Notes on *Benstonea* (Pandanaceae) from the islands of Halmahera, New Guinea and Sulawesi",,2014,2014,"Callmander MW, **Buerki S**, AP Keim, Phillipson PB.",https://doi.org/10.11646/phytotaxa.175.3.6 (IF2012: 1.295),NA,academic_articles,NA
"_**Phytotaxa**_, 172 : 176-200.","<span style=""color:blue"">#54</span> Taxonomic novelties in Neotropical Chrysobalanaceae: towards a monophyletic *Couepia*",,2014,2014,"Sothers CA, Prance GT, **Buerki S**, De Kok R, Chase MW.",https://doi.org/10.11646/phytotaxa.172.3.2 (IF2012: 1.295),NA,academic_articles,NA
"_**Journal of Biogeography**_, 41: 810-822.","<span style=""color:blue"">#53</span> Timing and tempo of evolutionary diversification in a biodiversity hotspot: Primulaceae on Indian Ocean islands",,2014,2014,"Strijk JS, Bone R, Thébaud C, **Buerki S**, Fritsch PW, Hodkinson TR, Strasberg D.",https://doi.org/10.1111/jbi.12259 (IF2012: 4.863),NA,academic_articles,NA
"_**Botanical Journal of the Linnean Society**_, Special Issue: Ecology and evolution on oceanic islands: broadening the botanical perspective, 174: 326-333.","<span style=""color:blue"">#52</span> Proto-South-East Asia as a trigger of early angiosperms diversification",,2014,2014,"**Buerki S**, Forest F, Alvarez N.",https://doi.org/10.1111/boj.12129 (IF2012: 2.589) ,NA,academic_articles,NA
"_**Journal of Biogeography**_, 41: 600-614. ","<span style=""color:blue"">#51</span> Mediterranean origin and Miocene–Holocene Old World diversification of meadow fescues and ryegrasses (*Festuca* subgenus *Schedonorus* and *Lolium*)",,2014,2014,"Inda LA, Sanmartin I, **Buerki S**, Catalan P.",https://doi.org/10.1111/jbi.12211 (IF2012: 4.863),NA,academic_articles,NA
"_**Annals of Botany**_, Special issue on Pollinator-driven speciation, 113: 357-371. ","<span style=""color:blue"">#50</span> Pollinator shifts as trigger of speciation in painted petal irises (*Lapeirousia*: Iridaceae)",,2014,2014,"Forest F, Goldblatt P, Manning JC, Baker D, Colville J, Devey DS, Jose S, Kaye M, **Buerki S**.",https://doi.org/10.1093/aob/mct248,NA,academic_articles,NA
"_**Molecular Phylogenetics and Evolution**_, 71: 15-35.","<span style=""color:blue"">#49</span> New Caledonian lineages of *Psychotria* (Rubiaceae) reveal different evolutionary histories and the largest documented plant radiation for the archipelago",,2014,2014,"Barrabé L, Maggia L, Pillon Y, Rigault F, Mouly A, Davis AP, **Buerki S**.",https://doi.org/10.1016/j.ympev.2013.10.020 (5-Year IF: 4.107),NA,academic_articles,NA
"_**Systematic Botany**_, 38: 1105-1124.","<span style=""color:blue"">#48</span> A taxonomic revision of the endemic New Caledonian genus *Podonephelium* Baillon (Sapindaceae)",,2013,2013,"Munzinger J, Lowry II PP, Callmander MW, **Buerki S**.",https://doi.org/10.1600/036364413X674814 (5-Year IF: 1.743),NA,academic_articles,NA
"_**Annals of Botany**_, 112: 1723-1742.","<span style=""color:blue"">#47</span> Evolutionary history of the Afro-Madagascan *Ixora* species (Rubiaceae): species diversification and distribution of key morphological traits inferred from dated molecular phylogenetic trees",,2013,2013,"Tosh J, Dessein S, **Buerki S**, Groeninckx I, Mouly A, Bremer B, Smets EF, De Block P.",https://doi.org/10.1093/aob/mct222 (5-Year IF: 4.051),NA,academic_articles,NA
"_**South African Journal of Botany**_, Special Issue: Towards a New Classification System for Legumes, 89: 273-280.","<span style=""color:blue"">#46</span> A snapshot of extinction in action: The decline and imminent demise of the endemic *Eligmocarpus* Capuron (Caesalpinioideae, Leguminosae) serves as an example of the fragility of Madagascan ecosystem",,2013,2013,"Devey DS, Forest F, Rakotonasolo F, Ma P, Dentinger BTM, **Buerki S**.",https://doi.org/10.1016/j.sajb.2013.06.013 (5-Year IF: 1.495),NA,academic_articles,NA
"_**Phytotaxa**_, 125: 59-60.","<span style=""color:blue"">#45</span> Corrections to Phytotaxa 112: Update on the systematics of *Benstonea* (Pandanaceae)",,2013,2013,"Callmander MW, **Buerki S**.",https://doi.org/10.11646/phytotaxa.125.1.9 (IF2012: 1.295),NA,academic_articles,NA
"_**Candollea**_, 68: 51-60.","<span style=""color:blue"">#44</span> A new species of Pandanaceae from New Caledonia: *Pandanus letocartiorum* Callm. & Buerki with notes on the taxonomic identities of *P. decumbens* (Brongn.) Solms and *P. reticulatus* Vieill.",,2013,2013,"Callmander MW, **Buerki S**.",(IF2012: 0.370),NA,academic_articles,NA
"_**Annals of Botany**_, 112: 151-160.","<span style=""color:blue"">#43</span> The abrupt climate change at the Eocene-Oligocene boundary and the emergence of Southeast Asia triggered the spread of sapindaceous lineages",,2013,2013,"**Buerki S**, Forest F, Stadler T, Alvarez N.",https://doi.org/10.1093/aob/mct106 (5-Year IF: 4.051),NA,academic_articles,NA
"_**Botanical Journal of the Linnean Society**_, 172: 280-328.","<span style=""color:blue"">#42</span> Tiptoe through the tulips – cultural history, molecular phylogenetics and classification of *Tulipa* (Liliaceae)",,2013,2013,"Christenhusz MJM, Govaerts R, David JC, Hall T, Borland K, Roberts PS, Tuomisto A, **Buerki S**, Chase MW, Fay MF.",https://doi.org/10.1111/boj.12061 (IF2012: 2.589),NA,academic_articles,NA
"_**Phytotaxa**_, 112: 57-60.","<span style=""color:blue"">#41</span> Update on the systematics of *Benstonea* (Pandanaceae): When a visionary taxonomist foresees phylogenetic relationships",,2013,2013,"Callmander MW, Booth T, Beentje H, **Buerki S**.",https://doi.org/10.11646/phytotaxa.112.2.4 (IF2012: 1.295),NA,academic_articles,NA
"_**American Journal of Botany**_, 100: 867-882.","<span style=""color:blue"">#40</span> Why are thistles everywhere: Reconstructing the evolution and biogeographic history of tribe Cardueae (Compositae)",,2013,2013,"Barres L, Sanmartín I, Anderson C-L, Susanna A, **Buerki S**, Galbany-Casals M, Vilatersana R. ",https://doi.org/10.3732/ajb.1200058 (5-Year IF: 3.106),NA,academic_articles,NA
"_**Taxon**_, 62: 249-266. ","<span style=""color:blue"">#39</span> Global legume diversity assessments: concepts, key indicators, and strategies",,2013,2013,"Yahara T, Javadi F, Onoda Y, de Queiroz LP, Faith DP, Prado DP, Akasaka M, Kadoya T, Ishihama F, Davies S, Slik JWF, Yi T, Ma K, Bin C, Darnaedi D, Pennington RT, Tuda M, Shimada M, Ito M, Egan AN, **Buerki S**, Raes N, Kajita T, Mimura M, Tachida H, Iwasa Y, Smith GF, Victor JE, Nkonki T.",https://doi.org/10.12705/622.12 (IF2012: 2.782),NA,academic_articles,NA
"_**Phytotaxa**_, 88: 19-24.","<span style=""color:blue"">#38</span> A new species of *Trigonachras* (Sapindaceae) endemic from Sabah, Malaysia (Borneo)",,2013,2013,"**Buerki S**, Davidson C, Pereira JT, Callmander MW.",https://doi.org/10.11646/phytotaxa.88.2.1 (IF2012: 1.295),NA,academic_articles,NA
"_**Annals of Botany**_, 111: 361-373.","<span style=""color:blue"">#37</span> Spatio-temporal history of the disjunct Tecophilaeaceae family: a tale involving the colonization of three Mediterranean-type climates",,2013,2013,"**Buerki S**, Manning JC, Forest F.",https://doi.org/10.1093/aob/mcs286 (5-Year IF: 4.051),NA,academic_articles,NA
"_**Botanical Journal of the Linnean Society**_, 171: 304-329 (INVITED REVIEW).","<span style=""color:blue"">#36</span> Spatio-temporal history of the endemic genera of Madagascar",,2013,2013,"**Buerki S**, Devey DS, Callmander MW, Phillipson PB, Forest F.",https://doi.org/10.1111/boj.12008 (IF2012: 2.589),NA,academic_articles,NA
"_**Candollea**_, 67: 323-345. ","<span style=""color:blue"">#35</span> *Benstonea* Callm. & Buerki (Pandanaceae): characterization, circumscription, and distribution of a new genus of screw-pines, with a synopsis of accepted species",,2013,2013,"Callmander MW, Lowry II PP, Forest F, Devey DS, Beentje H, **Buerki S**.",(IF2012: 0.370),NA,academic_articles,NA
"_**Taxon**_, 61: 1251-1258.","<span style=""color:blue"">#34</span> Delimitation of the genus *Margaritopsis* (Rubiaceae) in the Asian, Australasian and Pacific region, based on molecular phylogenetic inference and morphology",,2012,2012,"Barrabé L, **Buerki S**, Mouly A, Davis AP, Munzinger J, Maggia L.",(IF2012: 2.782),NA,academic_articles,NA
"_**Taxon**_, 61: 1010-1020. ","<span style=""color:blue"">#33</span> Straightening out the screw-pines: a first step in understanding phylogenetic relationships within Pandanaceae",,2012,2012,"**Buerki S**, Callmander MW, Devey DS, Chappell L, Gallaher T, Munzinger J, Haevermans T, Forest F.",(IF2012: 2.782),NA,academic_articles,NA
"_**Zoologica Scripta**_, 41: 489-498. ","<span style=""color:blue"">#32</span> Molecular relationships in the sub-family Psychodinae (Diptera: Psychodidae)",,2012,2012,"Espindola A, **Buerki S**, Jacquier A, Jezek J, Alvarez N.",https://doi.org/10.1111/j.1463-6409.2012.00544.x (5-Year IF: 3.013),NA,academic_articles,NA
"_**Journal of Biogeography**_, 39: 1487-1498.","<span style=""color:blue"">#31</span> Climate oscillations and species interactions: large scale congruence but regional differences in the phylogeographic structures of an alpine plant and monophagous insect",,2012,2012,"Borer M¶, Arrigo N¶, **Buerki S**¶, Naisbit R, Alvarez N.",https://doi.org/ 10.1111/j.1365-2699.2012.02703.x (IF2012: 4.863),¶These authors have contributed equally and are considered joint first authors.,academic_articles,NA
"_**PLoS ONE**_, 7(6): e39377. ","<span style=""color:blue"">#30</span> Contrasting biogeographical patterns in two Mediterranean-type ecosystem",,2012,2012,"**Buerki S**, Jose S, Yadav SR, Goldblatt P, Manning JC, Forest F.",https://doi.org/10.1371/journal.pone.0039377 (5-Year IF: 4.244),NA,academic_articles,NA
"_**Botanical Journal of the Linnean Society**_, 169: 284-296.","<span style=""color:blue"">#29</span> Phylogenetic inference of *Badula* Juss. (Primulaceae) - a rare and threatened genus endemic to the Mascarene archipelago",,2012,2012,"Bone R, Strijk JS, Fritsch PW, **Buerki S**, Strasberg D, Thébaud C, Hodkinson TR.",https://doi.org/10.1111/j.1095-8339.2012.01221.x (IF2012: 2.589),NA,academic_articles,NA
"_**Molecular Phylogenetics and Evolution**_, 63: 466-474.","<span style=""color:blue"">#28</span> Ecological and historical drivers of diversification in the fly genus *Chiastocheta* Pokorny",,2012,2012,"Espindola A, **Buerki S**, Alvarez N.",https://doi.org/10.1016/j.ympev.2012.01.018 (5-Year IF: 4.107),NA,academic_articles,NA
"_**Taxon**_, 61: 109-119. ","<span style=""color:blue"">#27</span> Phylogenetic inference of New Caledonian lineages of Sapindaceae: molecular evidence requires a reassessment of generic circumscriptions",,2012,2012,"**Buerki S**, Forest F, Callmander MW, Lowry II PP, Devey DS, Munzinger J.",(IF2012: 2.782),NA,academic_articles,NA
"_**Molecular Phylogenetics and Evolution**_, 62: 624-639.","<span style=""color:blue"">#26</span> Speciation and evolution in the *Gagea reticulata* species complex (Tulipeae; Liliaceae)",,2012,2012,"Zarrei M, Wilkin P, Ingrouille MJ, Leitch IJ, **Buerki S**, Fay MF, Chase MW.",https://doi.org/10.1016/j.ympev.2011.11.003 (5-Year IF: 4.107),NA,academic_articles,NA
"_**Novon**_, 21: 481-482. ","<span style=""color:blue"">#25</span> *Gouania tiliifolia*: the correct name for *Gouania scandens* (Rhamnaceae)",,2011,2011,"Phillipson PB, Callmander MW, **Buerki S**.",(IF2012: 0.295),NA,academic_articles,NA
"_**BMC Evolutionary Biology**_, 11: 310. ","<span style=""color:blue"">#24</span> Does a shift in host plants trigger the speciation in the Alpine leaf beetle *Oreina speciosissima* (Coleoptera, Chrysomelidae)?",,2011,2011,"Borer M, van Noort T, Arrigo N, **Buerki S**, Alvarez N.",https://doi.org/10.1186/1471-2148-11-310 (5-Year IF: 4.432),NA,academic_articles,NA
"_**Candollea**_, 66: 124-126. ","<span style=""color:blue"">#23</span> Nomenclatural changes in the endemic genus *Tina* (Sapindaceae) in Madagascar",,2011,2011,"Callmander MW, **Buerki S**, Phillipson PB.",(IF2012: 0.370),NA,academic_articles,NA
"_**Molecular Ecology**_, 20: 2442-2463.","<span style=""color:blue"">#22</span> Discordances between phylogenetic and morphological patterns of alpine leaf beetles attest to intricate history of lineages in postglacial Europe",,2011,2011,"Triponez Y¶, **Buerki S**¶, Borer M, Naisbit R, Rahier M, Alvarez N.",https://doi.org/10.1111/j.1365-294X.2011.05096.x (5-Year IF: 6.792) ,¶These authors have contributed equally and are considered joint first authors. ,academic_articles,NA
"_**Annals of the Missouri Botanical Garden**_, 98: 157-195.","<span style=""color:blue"">#21</span> A taxonomic revision of *Gouania* (Rhamnaceae) in Madagascar and the other islands of the western Indian Ocean (the Comoros and Mascarene islands, and the Seychelles)",,2011,2011,"**Buerki S**, Phillipson PB, Callmander, MW.",https://doi.org/10.3417/2007075 (IF2012: 2.000),NA,academic_articles,NA
"_**Botanical Journal of the Linnean Society**_, 165: 223-234.","<span style=""color:blue"">#20</span> How to kill two genera with one tree: clarifying generic circumscriptions within an endemic Malagasy clade of Sapindaceae",,2011,2011,"**Buerki S**, Lowry II PP, Andriambololonera S, Phillipson PB, Vary L, Callmander, MW.",https://doi.org/10.1111/j.1095-8339.2010.01106.x (IF2012: 2.589),NA,academic_articles,NA
"_**Journal of Biogeography**_, 38: 531-550. ","<span style=""color:blue"">#19</span> An evaluation of new parsimony-based versus parametric inference methods in biogeography: a case study using the globally distributed plant family Sapindaceae",,2011,2011,"**Buerki S**, Forest F, Alvarez N, Nylander JAA, Arrigo N, Sanmartín I.",https://doi.org/10.1111/j.1365-2699.2010.02432.x (IF2012: 4.863),NA,academic_articles,NA
"_**Molecular Phylogenetics and Evolution**_, 58: 33-42. ","<span style=""color:blue"">#18</span> Phylogenetic relationships in *Baldellia* (Alismataceae) inferred from AFLP markers, nuclear and chloroplast DNA sequences",,2011,2011,"Arrigo N, **Buerki S**, Béguin A, Guadagnuolu R., Kozlowski G.",https://doi.org/10.1016/j.ympev.2010.11.009 (5-Year IF: 4.107),NA,academic_articles,NA
"_**Systematic Biology**_, 60: 32-44. ","<span style=""color:blue"">#17</span> Comparative performance of supertree algorithms in large data sets using the soapberry family (Sapindaceae) as a case study",,2011,2011,"**Buerki S**, Forest F, Salamin N, Alvarez N.",https://doi.org/10.1093/sysbio/syq057 (5-Year IF: 13.316),NA,academic_articles,NA
"_**Molecular Phylogenetics and Evolution**_, 57: 703-709.","<span style=""color:blue"">#16</span> The phylogeography of an alpine leaf beetle: divergence within *Oreina elongata* spans several ice ages",,2010,2010,"Borer M, Alvarez N, **Buerki S**, Margraf N, Rahier M, Naisbit R.",https://doi.org/10.1016/j.ympev.2010.08.017 (5-Year IF: 4.107),NA,academic_articles,NA
"_**Candollea**_, 62 (2): 374-375. ","<span style=""color:blue"">#15</span> The genus *Brackenridgea* A. Gray (Ochnaceae)",,2010,2010,"Callmander MW, **Buerki S**, Phillipson PB.",(IF2012: 0.370),NA,academic_articles,NA
"_**Plant Ecology and Evolution**_, 143: 148-161.","<span style=""color:blue"">#14</span> Phylogeny and circumscription of Sapindaceae revisited: molecular sequence data, morphology and biogeography support recognition of a new family, Xanthoceraceae",,2010,2010,"**Buerki S**, Lowry II PP, Alvarez N, Razafimandimbison SG, Küpfer P, Callmander MW.",https://doi.org/10.5091/plecevo.2010.437 (IF2012: 1.192),NA,academic_articles,NA
"_**New Phytologist**_, 187: 1170-1180.","<span style=""color:blue"">#13</span> Origin and expansion of the allotetraploid *Aegilops geniculata* Roth, a wild relative of wheat",,2010,2010,"Arrigo N, Felber F, Parisod C, **Buerki S**, Alvarez N, David J, Guadagnuolo R.",(5-Year IF: 6.888),NA,academic_articles,NA
"_**Botanical Journal of the Linnean Society**_, 163: 14-32.","<span style=""color:blue"">#12</span> New insights into the phylogenetics and biogeography of *Arum* (Araceae): unravelling its evolutionary history",,2010,2010,"Espindola A, **Buerki S**, Bedalov M, Küpfer P, Alvarez N.",https://doi.org/10.1111/j.1095-8339.2010.01049.x (IF2012: 2.589),NA,academic_articles,NA
"_**Systematic Botany**_, 35: 172-180.","<span style=""color:blue"">#11</span> Molecular phylogenetics and morphological evidence support recognition of *Gereaua*, a new endemic genus of Sapindaceae from Madagascar",,2010,2010,"**Buerki S**, Phillipson PB, Lowry II PP, Callmander MW.",https://doi.org/10.1600/036364410790862669 (5-Year IF: 1.743),NA,academic_articles,NA
"_**Adansonia**_, 31: 301-309.","<span style=""color:blue"">#10</span> A synoptic revision of the genus *Lepisanthes* Blume (Sapindaceae) in Madagascar",,2009,2009,"**Buerki S**, Callmander MW, Lowry II PP, Phillipson PB.",https://doi.org/10.5252/a2009n2a6 (IF2012: 0.639),NA,academic_articles,NA
"_**Candollea**_, 64: 179-202.","<span style=""color:blue"">#9</span> New species from two unknown and highly threatened mountainous areas in north-western Madagascar: the Galoka and Kalabenono massifs",,2009,2009,"Callmander MW, Rakotovao C, Razafitsalama J, Phillipson PB, **Buerki S**, Hong-Wa C, Rakotoarivelo N, Andriambololonera S, Koopman MM, Deroin T, Johnson DM, Andriamandranto R, Solo S, Labat J-N, Lowry II PP.",(IF2012: 0.370),NA,academic_articles,NA
"_**Molecular Ecology**_, 18: 3730-3744.","<span style=""color:blue"">#8</span> Genetic structure and evolution of Alpine polyploid complexes: *Ranunculus kuepferi* (Ranunculaceae) as a case study",,2009,2009,"Burnier J¶, **Buerki S**¶, Arrigo N, Küpfer P, Alvarez N.",https://doi.org/10.1111/j.1365-294X.2009.04281.x (5-Year IF: 6.792),¶These authors have contributed equally and are considered joint first authors. ,academic_articles,NA
"_**Taxon**_, 58: 907-912.","<span style=""color:blue"">#7</span> *Klackenbergia* (Gentianaceae - Exaceae): a new endemic genus to Madagascar",,2009,2009,"Kissling J, **Buerki S**, Mansion G.",(IF2012: 2.782),NA,academic_articles,NA
"_**Plant Systematics and Evolution**_, 280: 15-28.","<span style=""color:blue"">#6</span> Malagasy *Dracaena* Vand. ex L. (Ruscaceae): an investigation of discrepancies between morphological features and spatial genetic structure at a small evolutionary scale",,2009,2009,"**Buerki S**, Callmander MW, Schüpfer F, Ravokatra M, Küpfer P, Alvarez N.",https://doi.org/10.1007/s00606-009-0162-z (5-Year IF: 1.586),NA,academic_articles,NA
"_**Molecular Phylogenetics and Evolution**_, 51: 238-258.","<span style=""color:blue"">#5</span> Plastid and nuclear DNA markers reveal intricate relationships at subfamilial and tribal levels in the soapberry family (Sapindaceae)",,2009,2009,"**Buerki S**, Forest F, Acevedo-Rodríguez P, Callmander MW, Nylander JAA, Harrington M, Sanmartin I, Küpfer P, Alvarez N.",https://doi.org/10.1016/j.ympev.2009.01.012 (5-Year IF: 4.107),NA,academic_articles,NA
"_**Novon**_, 18: 421-424.","<span style=""color:blue"">#4</span> A new threatened species of Pandanaceae from northwestern Madagascar: *Pandanus sermolliana*",,2008,2008,"Callmander MW, **Buerki S**, Wohlhauser S.",https://doi.org/10.3417/2007101 (IF2012: 0.295),NA,academic_articles,NA
"_**Adansonia sér. 3**_, 30: 151-170.","<span style=""color:blue"">#3</span> Révision du genre *Bathiorhamnus* Capuron (Rhamnaceae) endémique de Madagascar",,2008,2008,"Callmander MW, Phillipson PB, **Buerki S**.",(IF2012: 0.639),NA,academic_articles,NA
"_**Adansonia sér. 3**_, 29: 39-57.","<span style=""color:blue"">#2</span> Révision de *Pandanus* sect. *Foullioya* à Madagascar",,2007,2007,"Laivao MO, Callmander MW, **Buerki S**.",(IF2012: 0.639),NA,academic_articles,NA
"_**Adansonia, sér. 3**_, 28: 267-285.","<span style=""color:blue"">#1</span> Sur les *Pandanus* (Pandanaceae) à stigmates saillants de la Côte Est de Madagascar",,2006,2006,"Laivao MO, Callmander MW, **Buerki S**.",(IF2012: 0.639),NA,academic_articles,NA
"_**Natural History of Madagascar**_, 2nd Edition",Update on the phylogenetic framework of Malagasy angiosperms: A tool to unravel the evolution and biogeography of this unparalleled flora and to support its conservation,NA,2020,In press,"Wojahn JMA, Callmander MW, Lowry II PP, Phillipson PB, **Buerki S**.",In: S. Goodman & L. Gautier (eds),NA,book_chapters,NA
"_**Natural History of Madagascar**_, 2nd Edition",Sapindaceae,NA,2020,In press,"**Buerki S**, Phillipson PB, Lowry II PP, Wojahn JMA, Andriambololonera S, Callmander MW.",In: S. Goodman & L. Gautier (eds),NA,book_chapters,NA
"_**Natural History of Madagascar**_, 2nd Edition",Bignoniaceae,NA,2020,In press,"Callmander MW, Phillipson PB, **Buerki S**.",In: S. Goodman & L. Gautier (eds),NA,book_chapters,NA
"_**Natural History of Madagascar**_, 2nd Edition",Pandanaceae,NA,2020,In press,"Callmander MW, Laivao MO, **Buerki S**.",In: S. Goodman & L. Gautier (eds),NA,book_chapters,NA
_**Namoroka: Mission à Madagascar**_,La diversité des Pandanus des Tsingy,NA,2015,2015,"Callmander MW, **Buerki S**, Luino I, Laivao MO.",In: L. Allorge & T. Haevermans (eds),Pp. 104-107. ,book_chapters,NA
"_**The Researcher Idaho NSF EPSCoR**_, February: 4-5.",Towards Producing a Reference Genome for Sagebrush: A Tool to Foster Genome to Phenome Research,NA,2021,2021,"Melton AE, Martinez P, **Buerki S**.",NA,NA,other_pub,NA
"_**Bulletin de la Société Vaudoise des Sciences Naturelles**_,  99: 83-106.",Molecular phylogeography of the polyploid complex *Bupleurum ranunculoides* s.l. L. (Apiaceae),NA,2020,2020,"Labhardt A, Schmid S, **Buerki S**, Espindola A, Ronikier M, Kupfer P, Arrigo N, Alvarez N.",NA,NA,other_pub,NA
"_**Kapisen**_, 17: 8-9.","Biogeography, conservation and diversity of Pandanaceae in the granitic Seychelles Islands",NA,2014,2014,"Callmander MW, **Buerki S.**",,NA,other_pub,NA
"_**IUCN 2013. IUCN Red List of Threatened Species**_, Version 2013.2.",*Eligmocarpus cynometroides*,NA,2013,2013,"**Buerki S**, Devey D.",Uploaded on 09 January 2014.,,other_pub,NA
"_**Bulletin de la Société Neuchateloise des Sciences Naturelles**_,  128: 23-42.",Resultats d'une mission de propsection botanique dans la peninsule de Masoala (Nord-Est de Madagascar),NA,2005,2005,"**Burki S**, Wohlhauser S, Arrigo N, Laivao MO, Kupfer P, Callmander MW.",NA,NA,other_pub,NA
Dovetail Genomics,Tree of Life Award - *Artemisia tridentata*,,2020,Present,"PI; US$15,000",NA,NA,grant,NA
NSF EPScOR GEM3 Small Research Seed Funding,Towards a genomic model to predict drought tolerance in sagebrush: Preventing embolism as a key adaptation,NA,2019,Present,"PI; US$70,250",NA,NA,grant,NA
"LUSH, the Sustainable Lush Fund",On the hunt for a drought-tolerant vanilla,NA,2017,2020,"PI; US$44,000",NA,NA,grant,NA
"LUSH, the Sustainable Lush Fund",A community lead project to restore Madagascan ecosystems’ functioning by focusing on plant-animal interactions,NA,2017,2019,"PI; £22,720",NA,NA,grant,NA
National Geographic Research Grant,A botanical framework to assess lemurs’ diets and seed dispersal capacities,NA,2016,2017,"PI; €19,194",NA,NA,grant,NA
Critical Ecosystem Partnership Fund,Developing Community-based Conservation in the Ambato-Boeny-Maevatanana Forests and Wetlands,NA,2016,2018,"Project partner (leading the forest flora aspects of project with The Aspinall Foundation); US$188,590",NA,NA,grant,NA
WALACEA (crowdfunding platform to support science),"The mystery of the 2,000 year-old medicinal plant",NA,2016,2018,"Co-PI (with O. Grace & N. Ronstead); £10,696",NA,NA,grant,NA
Swiss National Science Foundation,"Species delimitation, phylogenomic diversity and niche modelling: implications for the conservation of Madagascar endemic group of valuable trees in the family Sapotaceae",NA,2016,2018,"International partner (with Y. Naciri & L. Gautier); CHF192,900",NA,NA,grant,NA
"Guangxi Institute of Botany, Guangxi Zhuang Autonomous Region and Chinese Academy of sciences (China)",Photosynthesis in an extreme environment,NA,2015,2015,"Co-PI (with A. Monro); RMB90,000 (ca. £9,420)",NA,NA,grant,NA
Swiss Orchid Foundation research grant,Research on Eulophiinae orchid evolution,NA,2014,2016,"Co-PI (with Dr Ruth Bone); £75,000",NA,NA,grant,NA
Idaho Botanical Research Foundation,Phylogenomics of Pandanaceae,NA,2013,2014,"PI; US$20,000",NA,NA,grant,NA
Rio Tinto-Kew Partnership Fund,Development of best practices for rehabilitation after mining – plants and their associated mycorrhizas and implications for soil regeneration,NA,2011,2012,"PI; £7,140",NA,NA,grant,NA
National Geographic Society,The cradle of flowering plants: seeking new insights from the early-diverging screw-pine family (Pandanaceae),NA,2011,2012,"Co-PI (with MW Callmander); $20,000",NA,NA,grant,NA
"European Distributed Institute of Taxonomy (EDIT), Integration Research Grant",Collaborative revision of African screwpines,NA,2010,2011,"Co-PI (with T. Haevermans & MW Callmander); €18,000",NA,NA,grant,NA
Marie-Curie Intra-European Fellowship,CRADLE; no 253866,NA,2010,2012,"PI; based at the at the Jodrell Laboratory, Royal Botanic Gardens, Kew, UK",NA,NA,grant,NA
"Young researcher fellowship, Swiss National Science Foundation",Phylogeny and biogeography of Pandanaceae,NA,2009,2010,"PI; Real Jardin Botanico, Madrid (Spain); CHF73,000",NA,NA,grant,NA
"Bentham-Moxon Trust grant, Royal Botanic Gardens, Kew (UK)",Phylogeny of Pandanaceae,NA,2009,2009,"PI; £3,000",NA,NA,grant,NA
SYNTHESYS grant,Biogeography of Sapindaceae,NA,2008,2008,"PI; €2,500",NA,NA,grant,NA
Louis Paris Award,Récompense la moyenne la plus élevée parmi les étudiantes et étudiants des Masters of Science en Biologie et en Biogéosciences.,NA,2005,2005,"CHF1,000",NA,NA,grant,NA
Jean Landry Award,Récompense un étudiant ou une étudiante de l’Université de Neuchâtel ayant obtenu son titre de Bachelor of Science avec la mention « très bien » ou « excellent »,NA,2005,2005,CHF500,NA,NA,grant,NA
Matthey-Dupraz/Wüthrich fellowship,Fieldwork grant to go to Madagascar,NA,2004,2004,"CHF1,500",NA,NA,grant,NA
"Botany, new frontiers in botany, July 2020",Untangling big genera using big data: Phylogenomics of *Piper* and *Peperomia* (Piperaceae),Virtual botany conference,2020,2020,"Simmonds SE, Smith J, Davidson C, **Buerki S.**",NA,NA,presentation,NA
"Seminar, Oct. 2019",Challenges and opportunities associated with assembling the 9 Gbp sagebrush genome to study drought adaptations,"Idaho State University, USA",2019,2019,**Buerki S.**,NA,NA,presentation,NA
"Botany, new frontiers in botany, July 2019","Lewis’s lost Lomatium found: Investigating species boundaries in the rare plant species subcomplex, *Lomatium packardiae/anomalum*","Tucson, USA",2019,2019,"Ottenlips M, **Buerki S**, Mansfield DH, Dodsworth S, Forest F, Smith J.",NA,NA,presentation,NA
"NSF EPSCoR GEM3 Seminar, April 2019",Challenges and strategy to produce a reference genome for sagebrush,NA,2019,2019,**Buerki S**,NA,NA,presentation,NA
"Forum on Biodiversity of Global Hotspots, October 2018",Do we need a new species concept for conservation? Madagascar as case study,"Boise State University, USA",2018,2018,**Buerki S**,NA,NA,presentation,NA
"Botany, new frontiers in botany, July 2018",Resolving species boundaries in the *Lomatium packardiae/L. anomalum* clade of the *L. triternatum* (Apiaceae) complex,"Rochester, USA",2018,2018,"Ottenlips M, Mansfield DH, **Buerki S**, Forest F, Dodsworth S, Smith J.",NA,NA,presentation,NA
"Seminar, March 2017","Role played by herbaria in describing, understanding and protecting plant biodiversity","Univeristy of basel, Switzerland",2017,2017,**Buerki S**,NA,NA,presentation,NA
"Biologie’16, the annual Swiss conference on Ecology, Evolution, Systematics, Biogeography and Conservation, February 2016",Combining modelling and genetic approaches in conservation: application to the genus *Capurodendron* Aubrév. (Sapotaceae) in Madagascar,"University of Lausanne, Switzerland",2016,2016,"Garratt R, Naciri Y, Lehmann A, **Buerki S**, Callmander MW, Gautier L.",NA,NA,presentation,NA
"SwissPlant 2016 meeting, January 2016",Combining modelling and genetic approaches in conservation: application to the genus *Capurodendron* Aubrév. (Sapotaceae) in Madagascar,"Les Diablerets, Switzerland",2016,2016,"Naciri Y, Garratt R, Lehmann A, **Buerki S**, Callmander MW, Gautier L. ",NA,NA,presentation,NA
"School of Thought public lecture series for the Orchid Festival, April 2015",Orchids of arid lands (and a morsel of orchid cake),"Royal Botanic Gardens, Kew, UK",2015,2015,"Bone RE, **Buerki S**.",NA,NA,presentation,NA
"17th European Orchid Show and Conference, April 2015",Desert flowers and lizard leaves: orchid survival in Afro-Madagascan drylands,"London, UK",2015,2015,"Bone RE, **Buerki S**.",NA,NA,presentation,NA
"Seminar, March 2015",Incorporating evolutionary history into conservation planning in biodiversity hotspots,"Conservatoire et Jardins botanique de la ville de Genève, Geneva, Switzerland",2015,2015,"**Buerki S**, Callmander MW",NA,NA,presentation,NA
"Seminar, November 2014",A macro-ecological perspective on CAM photosynthesis evolution: Eulophiinae orchids as a case study,"University of Toulouse, France",2014,2014,"**Buerki S**, Bone RE",NA,NA,presentation,NA
"Seminar, October 2014",Incorporating evolutionary processes into conservation programmes: Madagascar as a case study,"Singapore Botanic Gardens, Singapore",2014,2014,**Buerki S**,NA,NA,presentation,NA
"16th Flora of Thailand conference, Thai botany and the European connection: Building on 100 years of collaboration, September 2014",Towards a taxonomic revision of the Pandanaceae for Thailand,"Royal Botanic Gardens, Kew, UK",2014,2014,"**Buerki S**, Callmander MW, Chamchumroon V.",NA,NA,presentation,NA
"Botany, new frontiers in botany, July 2014",Spatio-temporal history of the screw-pine genus *Benstonea* (Pandanaceae),"Boise, USA",2014,2014,"**Buerki S**, Callmander MW. ",NA,NA,presentation,NA
"Collections-based research in the genomic era, April 2014",Collections-based research in the genomic era,"Linnean Society, London, UK",2014,2014,"**Buerki S**, Baker W. ",Meeting co-roganized with W. Baker,NA,presentation,NA
"Collections-based research in the genomic era, April 2014",NGS analysis of insect collection specimens: a gold mine for evolutionary biologists,"Linnean Society, London, UK",2014,2014,"Pitteloud C, Arrigo N, Mastretta-Yanes A, Suchan T, **Buerki S**, Alvarez N. ",NA,NA,presentation,NA
"Phylogeny, extinction risks and conservation, March 2014",Incorporating evolutionary processes into conservation programmes: Madagascar as a case study,"Royal Society, London, UK",2014,2014,**Buerki S.**,NA,NA,presentation,NA
"20th AETFAT Congress, January 2014",Spatio-temporal history of the endemic genera of Madagascar,"Stellenbosh, South Africa",2014,2014,"Callmander MW, Phillipson PB, **Buerki S.**",NA,NA,presentation,NA
"20th AETFAT Congress, January 2014",A treasure hunt for Malagasy Bignoniaceae is under-way: so many gems still to be discovered,"Stellenbosh, South Africa",2014,2014,"Callmander MW, Phillipson PB, Edwards M, **Buerki S**, Plunkett G. ",NA,NA,presentation,NA
"IX International Floral Malesiana Symposium, August 2013",Spatio-temporal history of the screw-pine genus *Benstonea* (Pandanaceae): with an emphasis on Malesian species,"Bogor, Indonesia",2013,2013,"Booth T, Callmander MW, Forest F, **Buerki S.**",NA,NA,presentation,NA
"IX International Floral Malesiana Symposium, August 2013",Revisiting the systematics and biogeography of the Pandanaceae based on new phylogenetic and morphological evidence,"Bogor, Indonesia",2013,2013,"Callmander MW, Booth T, Forest F, **Buerki S.**",NA,NA,presentation,NA
"Botany, new frontiers in botany, July 2013","Systematics and biogeography of *Aloe* L. (subfamily Asphodeloideae, Xanthorrhoeaceae)","New Orleans, USA",2013,2013,"Grace OM, Forest F, **Buerki S**, Rønsted N.",NA,NA,presentation,NA
"Monocots V, July 2013","Progress in the systematics of *Aloe* L. (subfamily Asphodeloideae, Xanthorrhoeaceae)","New York, USA",2013,2013,"Grace OM, Forest F, **Buerki S**, Rønsted N.",NA,NA,presentation,NA
"Seminar, May 2013",The abrupt climate change at the Eocene-Oligocene boundary and the emergence of Southeast Asia triggered the spread of sapindaceous lineages,"Queen Mary University, London, UK",2013,2013,**Buerki S.**,NA,NA,presentation,NA
"VI International Legume Conference, January 2013",Identification of key areas for conservation using phylogenetic and extinction risk data: The Legumes of Madagascar as a case study,"Johannesburg, South Africa",2013,2013,"Forest F, Moat J, Bachman S, **Buerki S.**",NA,NA,presentation,NA
"VI International Legume Conference, January 2013",Biogeography and phylogenetic diversity of Malagasy Legumes: implications for the conservation of the flora,"Johannesburg, South Africa",2013,2013,"**Buerki S**, Moat J, Bachman S, Forest F. ",NA,NA,presentation,NA
"MEDECOS XII, the International Mediterranean Ecosystems Conference, September 2011",Evolutionary history of the hyacinth family (Hyacinthaceae) and its implications for conservation,"Los Angeles, USA",2011,2011,"**Buerki S**, Jose S, Manning JC, Goldblatt P, Yadav SR, Forest F. ",NA,NA,presentation,NA
"Petit Pois Déridé, August 2011",Abiotic factors as driving force to promote diversification in the worldwide soapberry family (Sapindaceae),"Toulouse, France",2011,2011,"**Buerki S**, Alvarez N, Sanmartin I, Forest F. ",NA,NA,presentation,NA
"International workshop on global Legume diversity assessment, August 2011",Phylogenetic diversity measures in biodiversity assessments: a case study from the Malagasy Legumes,"Kyushu University, Japan",2011,2011,"**Buerki S**, Forest F.",NA,NA,presentation,NA
"XVIII International botanical congress (IBC), July 2011",Evolution of the New Caledonian flora: insights from the pantropical family Sapindaceae,"Melbourne, Australia",2011,2011,"Callmander MW, Munzinger J, Lowry II PP, Forest F, Devey D, **Buerki S.**",NA,NA,presentation,NA
"XVIII International botanical congress (IBC), July 2011",Evolutionary history and biogeography of Tecophilaeaceae,"Melbourne, Australia",2011,2011,"Forest F, **Buerki S.**",NA,NA,presentation,NA
"XVIII International botanical congress (IBC), July 2011",An evaluation of new parsimony-based versus parametric inference methods in biogeography: a case study using the globally distributed plant family Sapindaceae,"Melbourne, Australia",2011,2011,"**Buerki S**, Sanmartin I, Forest F. ",NA,NA,presentation,NA
"SYNTHESIS final report, April 2009",Out of Asia and into the tropics: phylogeny and biogeography of the Sapindaceae,"Real Jardin Botanico, Madrid, Spain",2009,2009,"**Buerki S**, Forest F, Alvarez N, Nylander JAA, Arrigo N, Sanmartin I.",NA,NA,presentation,NA
"Botany without borders, July 2008",Breeding system evolution in the Malagasy Sapindaceae,"University of British Columbia, Canada",2008,2008,"Vary L., **Buerki S.**",NA,NA,presentation,NA
"Seminar, June 2008",Towards a new classification for the soapberry family (Sapindaceae),"Conservatoire et Jardins botanique de la ville de Genève, Geneva, Switzerland",2008,2008,"**Buerki S**, Forest F, Acevedo-Rodriguez P, Callmander MW, Nylander JAA, Küpfer P., Alvarez N.",NA,NA,presentation,NA
"Seminar, January 2008","Untangling the systematics of the soapberry family (Sapindaceae): supertrees, biogeography and character evolution","Royal Botanic Gardens, Kew, London, UK",2008,2008,"**Buerki S**, Sanmartin I, Alvarez N. ",NA,NA,presentation,NA
"Seminar, November 2007",Comparative performance of the Supertree algorithms in large data sets: the case of the soapberry family (Sapindaceae),"Real Jardin Botanico, Madrid, Spain",2007,2007,"**Buerki S**, Sanmartin I, Alvarez N.",NA,NA,presentation,NA
"18th AETFAT congress, February 2007",Phylogenetic analyses of the Malagasy Cupanieae reveal a high degree of polyphyly at the generic level,"Yaoundé, Cameroon",2007,2007,"**Buerki S**, Callmander MW, Küpfer P. ",NA,NA,presentation,NA
"2-day forum, October 2018",Biodiversity of global hotspots,"Boise State University, USA",2018,2018,Co-organizer with James Smith and Christopher Davidson,NA,NA,symposia_organization,NA
"2-day discussion meeting, April 2014",Collections-based research in the genomic era,"Linnean Society, London, UK",2014,2014,Co-organizer with William Baker,NA,NA,symposia_organization,NA
"Tropical biodiversity in the 21st century symposium, June 2013",Community ecology and evolutionary theory ,"Natural History Museum, London, UK",2013,2013,Chair of session.,NA,NA,symposia_organization,NA
"XVIII International botanical congress (IBC), July 2011",Recent advances and new developments in biogeographical reconstruction methods,"Melbourne, Australia",2011,2011,Co-organised session with Felix Forest and Isabel Sanmartin,NA,NA,symposia_organization,NA
"Boise State University VIP Symposium, December 2020",Has neofunctionalization through promoter element differentiation driven drought-adaptation in *Artemisia tridentata*?,Virtual conference,2020,2020,"Morales W, Beck J, Melton A, **Buerki S.**",NA,NA,posters,NA
"Boise State University VIP Symposium, December 2020",Mining gems in literature and genomes: a proof of concept in *Artemisia tridentata*,Virtual conference,2020,2020,"Dumaguit CD, Galla SJ, Melton A, Wojahn JMA, Martinez P, **Buerki S.**",NA,NA,posters,NA
"Boise State University VIP Symposium, December 2020",Development of an *in vitro* method of propagation for *Artemisia tridentata* subsp. *tridentata* to support genome sequencing and genotype-by-environment research ,Virtual conference,2020,2020,"Clark H., Martinez P, Barron R, Serpe M, **Buerki S.**",NA,NA,posters,NA
"Boise State University VIP Symposium, December 2020",G2PMineR: A genome to phenome literature review approach,Virtual conference,2020,2020,"Wojahn JMA, Galla SJ, **Buerki S.**",NA,NA,posters,NA
"GEM3 Annual Meeting, December 2020",Phenotypic responses of sagebrush to the southwestern North America megadrought: A GxE approach,Virtual conference,2020,2020,"Navock KA, Martinez P, Richardson B, Novak S, Frankel-Bricker J, Serpe M, Forbey J, Galla SJ, **Buerki S.**",NA,NA,posters,NA
"GEM3 Annual Meeting, December 2020",Aquaporins as key genes underpinning climate-induced stress in sagebrush (*Artemisia tridentata*; Asteraceae): a foundational shrub of western North America,Virtual conference,2020,2020,"Melton AE, Serpe M, Schmutz J, Galla SJ, Novak S, **Buerki S.**",NA,NA,posters,NA
"GEM3 Annual Meeting, December 2020",A meta-analysis of genes underlying adaptive capacity of plants towards drought,Virtual conference,2020,2020,"Galla SJ, Dumaguit C, Wojahn JMA, Melton A, Forbey J, Martinez P, Novak S, **Buerki S.**",NA,NA,presentation,NA
"GEM3 Annual Meeting, December 2020",Development of an *in vitro* method of propagation for *Artemisia tridentata* subsp *tridentata* to support genome sequencing and genotype-by-environment research,Virtual conference,2020,2020,"Martinez P, Barron R, Serpe M, **Buerki S.**",NA,NA,posters,NA
"GEM3 Annual Meeting, December 2020",G2PMineR: A genome to phenome literature review approach,Virtual conference,2020,2020,"Wojahn JMA, Galla SJ, **Buerki S.**",NA,NA,presentation,NA
"Virtual Idaho Conference on Undergraduate research, July 2020","Seen, but not heard? Evaluating the visibility of plants in the conservation translocation literature",Virtual conference,2020,2020,"Shuey A, Dumaguit CD, Galla S, Wojahn M, Martinez P, Rosato J, **Buerki S.**",NA,NA,posters,NA
"Virtual Idaho Conference on Undergraduate research, July 2020",Hot takes: A comprehensive review of genes that help plants survive drought,Virtual conference,2020,2020,"Dumaguit CD, Shuey A, Galla S, Wojahn M, Martinez P, Rosato J, **Buerki S.**",NA,NA,posters,NA
"State of the World’s Plants Symposium, May 2017",Gymnosperms on the EDGE,"Royal Botanic Gardens, Kew, UK",2017,2017,"Forest F, Baloch E, Brummitt NA, Bachman S, Moat J, Ickert-Bond S, Hollingsworth PM, Liston A, Little DP, Mathews S, Rai H, Rydin C, Stevenson DW, Thomas P, **Buerki S.**",NA,NA,posters,NA
"Temperate Orchid Conference, April 2015",Evolution of terrestrial CAM orchid lineages in Afro-Madagascan drylands,"Samos, Greece",2015,2015,"Bone RE, **Buerki S.**",NA,NA,posters,NA
"New Phytologist, Next Generation Scientists, July 2014",Evolution of CAM orchid clades in Madagascar,"John Innes Conference Centre, Norwich, UK",2014,2014,"Bone RE, Smith JAC, Sanz E, **Buerki S.**",NA,NA,posters,NA
"Swiss Plant Science Web Summer school on ""Terrestrial ecosystem dynamics in a changing world"", June 2011",Does a shift in host plants trigger speciation in the Alpine leaf beetle *Oreina speciosissima*?,"Mürren, Switzerland",2011,2011,"van Noort T, Borer M, Arrigo N, **Buerki S**, Alvarez N.",NA,NA,posters,NA
"Biodiversity 2010 and beyond Science and Collections, SPNHC–CBA-ABC Joint Conference, May 2010",Species relationships in the *Gagea reticulata* species complex utilizing nucleotide sequences of the low-copy nuclear gene malate synthase and flow cytometry data,"Ottawa, Ontario, Canada",2010,2010,"Zarrei M, Wilkin P, Ingrouille MJ, Leitch IJ, **Buerki S**, Fay MF, Chase MW.",NA,NA,posters,NA
"NCCR International Conference on Plant Species Concepts and Evolution (in honour of the retirement of Philippe Küpfer), January 2008",Systematics and biogeography of the soapberry family (Sapindaceae),"University of Neuchâtel, Neuchâtel, Switzerland",2008,2008,"**Buerki S**, Sanmartin I, Callmander MW, Alvarez N. ",NA,NA,posters,NA
"NCCR International Conference on Plant Species Concepts and Evolution (in honour of the retirement of Philippe Küpfer), January 2008",Solving the inconsistency between morphology and phylogeny in the Malagasy *Dracaena* Vand. ex. L. (Ruscaceae),"University of Neuchâtel, Neuchâtel, Switzerland",2008,2008,"**Buerki S**, Callmander MW, Schüpfer F, Ravokatra M, Küpfer P, Alvarez N. ",NA,NA,posters,NA
_**Australian Systematic Botany**_,"*Pandanus grayorum* (Pandanaceae), a new species endemic to north-eastern Queensland (Australia)",,2021,In review,"Callmander MW, **Buerki S**, Zich F, Field AR, Gallaher T.",NA,NA,in_review,NA
_**American Journal of Botany**_,Growth and fecundity of big sagebrush: does genome duplication afford dual strategies for niche differentiation? ,,2021,In review,"Richardson B, Germino M, Warwell M, **Buerki S.**",NA,NA,in_review,NA
_**American Journal of Botany**_,An updated infra-familial classification of Sapindaceae based on targeted enrichment data,,2021,In review,"**Buerki S**, Callmander MW, Acevedo-Rodriguez P, Lowry II PP, Munzinger J, Bailey P, Maurin O, Brewer GE, Epitawalage N, Baker WJ, Forest F.",NA,NA,in_review,NA
_**Molecular Phylogenetics and Evolution**_,"Phylogenomics and comparative genomics of two of the largest genera of angiosperms, *Piper* and *Peperomia* (Piperaceae)",,2021,In review,"Simmonds SE, Smith J, Davidson C, **Buerki S.**",NA,NA,in_review,NA
_**American Journal of Botany**_,Resolving species boundaries with the Angiosperms353 probe set in a recent radiation: The *Lomatium packardiae*/*L. anomalum* clade of the *L. triternatum* (Apiaceae) complex,,2021,In review,"Ottenlips M, Mansfield DH, **Buerki S**, Feist MAE, Downie SR, Dodsworth S, Forest F, Plunkett GM, Smith J.",NA,NA,in_review,NA
Reviewed >200 manuscripts for the following journals: *Annals of Botany*; *Biodiversity and Conservation*; *Biological Journal of the Linnean Society*; *Botanical Journal of the Linnean Society*; *Candollea*; *Central European Journal of Biology*; *Evolution*; *International Journal of Plant Sciences*; *Journal of Biogeography*; *Journal of Ecology*; *Journal of Systematics and Evolution*; *Kew Bulletin*; *Molecular Ecology*; *Molecular Ecology Resources*; *Molecular Phylogenetics and Evolution*; *Oryx*; *Plant Systematics and Evolution*; *PLoS ONE*; *South African Journal of Botany*; *Systematic Biology*; *Systematic Botany*; *Taxon*.,Journals,,NA,NA,NA,NA,NA,ext_ref,NA
"Agence Nationale de la Recherche, CES No 32, Sciences de la Vie, DEFSAV, France",Grant review panel,,2015,2015,NA,NA,NA,ext_ref,NA
Reviewed reserach proposals submitted to the National Geographic Society (USA) and the Systematic Association (UK).,Research proposals,,NA,NA,NA,NA,NA,ext_ref,NA
*PLoS ONE*,Associate editor,,2014,2018,NA,NA,NA,ext_ref,NA
*Systematic Botany*,Associate editor,,2014,2019,NA,NA,NA,ext_ref,NA
*Systematics and Biodiversity*,Associate editor,,2015,2020,NA,NA,NA,ext_ref,NA
*Candollea*,Editorial board,,2016,present,NA,NA,NA,ext_ref,NA
*Biological Journal of the Linnean Society*,Guest editor,,2015,2016,for the special issue vol. 117 published in January 2016,NA,NA,ext_ref,NA
"MS Biology, started Spring 2021",TBD,"Boise State University, USA",2021,present,Carlos Dave Dumaguit,NA,,students,NA
"MS Biology, Defence: 22nd October 2020",Phenotypic Responses of Sagebrush to southwestern North America Megadrought: A GxE Approach,"Boise State University, USA",2018,2020,Kara Navock,Co-chair with Stephen Novak. Committee: Bryce Richardson,,students,NA
"MS Biology, Defence: 3rd June 2020",A meta-analysis of sequences of vascular plants in the world’s biodiversity hotspots with a special section on Madagascar,"Boise State University, USA",2017,2020,John Michael Adrian Wojahn ,"Committee: James Smith, Stephen Novak",,students,NA
"MS Biology, April to September 2017","The Diet, Range and Behaviour of *Varecia variegata* (Lemuridae)","University College London & Natural History Museum, London, UK",2017,2017,Stephanie Shields,NA,NA,students,NA
"MS Biology, April to September 2017",Seed dispersal by *Varecia variegata* (Lemuridae) in a Lowland Humid Forest,"University College London & Natural History Museum, London, UK",2017,2017,Katharine Davies,NA,NA,students,NA
"MS Biology, April to September 2017",The Effect of Quaternary Climatic Oscillations on the Biogeography and Niche of Malagasy Spiny Solanums,"Imperial College & Natural History Museum, London, UK",2017,2017,Christopher Dudley,Co-supervised with Sandra Knapp,NA,students,NA
MS Biology,A species tree phylogeny for the Madagascar endemic genus *Capurodendron* (Sapotaceae): application to species and environmental conservation,"Conservatoire et Jardins botanique de la ville de Genève, Geneva, Switzerland",2015,2016,Rhea Garratt,"Co-supervised with Laurent Gautier, Yamama Naciri and Martin W. Callmander",NA,students,NA
"MS Biology, Summer 2011",Evolution of the New Caledonian Flora: New insights from the Pandanaceae family,"Imperial College, London, UK",2011,2011,Lauren Chappell,Co-supervised with Félix Forest and Martin W. Callmander,NA,students,NA
"MS Biology, Summer 2011",Evolution of the New Caledonian Flora: New insights into the soapberry family (Sapindaceae),"Imperial College, London, UK",2011,2011,Tejal Raval,Co-supervised with Félix Forest and Martin W. Callmander,NA,students,NA
"Ecology, Evolution & Behavior Ph.D.",TBD,"Boise State University, USA",2020,present,John Michael Adrian Wojahn ,,NA,students,NA
"Ecology, Evolution & Behavior Ph.D.",On the hunt for a new drought tolerant vanilla,"Boise State University, USA",2018,present,Paige Ellestad,"Committee: Stephen Novak, Marcelo Serpe, Felix Forest",NA,students,NA
"Postdoc fellow, start June 2020",Project funded by GEM3,"Boise State University, USA",2020,present,Dr Anthony Melton,,NA,research_staff,NA
"Postdoc fellow, start April 2020",Project funded by GEM3,"Boise State University, USA",2020,2020,Dr Stephanie Galla,,NA,research_staff,NA
"Postdoc fellow, start December 2014",Development of a taxonomic synopsis of the genus *Eulophia* (Eulophiinae: Orchidaceae),"Royal Botanic Gardens, Kew, UK",2014,2016,Dr Ruth Bone,Project funded by the Swiss Orchid Foundation,NA,research_staff,NA
"Postdoc fellow, start August 2012",Evolution and systematics of Eulophiinae orchids,"Royal Botanic Gardens, Kew, UK",2012,2014,Dr Ruth Bone,Project funded by the Swiss Orchid Foundation,NA,research_staff,NA
"Research assistant, start September 2018",Employed on the GEM3 project to develop and implement *in vitro* tissue culture of sagebrush,"Boise State University, USA",2018,present,Peggy Martinez,NA,NA,research_staff,NA
"Research assistant, start September 2018",Employed on the GEM3 project to work on sagebrush genome size evolution,"Boise State University, USA",2018,2020,Jonas Frankel-Bricker,NA,NA,research_staff,NA
Summer intern,Phylogeography of the Malagasy littoral forest endemic Asteropeia micraster (Asteropeiaceae),"Royal Botanic Gardens, Kew, UK",2012,2012,Persephone Ma,Co-supervised with Félix Forest and Dion S. Devey,NA,research_staff,NA
Summer intern,Phylogenetic relationships of Pandanaceae from the Fiji islands,"Royal Botanic Gardens, Kew, UK",2012,2012,Alexandra M. Weill,Co-supervised with Félix Forest,NA,research_staff,NA
In-industry student,Phylogenomics on herbarium specimens,"Royal Botanic Gardens, Kew, UK",2014,2015,Grace Brewer,"1 year internship from University of Durham, UK",NA,research_staff,NA
In-industry student,Biogeography and systematics of a pantropical lineage of Sapindaceae,"Royal Botanic Gardens, Kew, UK",2013,2014,Rebecca Doherty,"1 year internship from University of Cardiff, UK",NA,research_staff,NA
In-industry student,Spatio-temporal history of the SE Asian genus *Benstonea* (Pandanaceae),"Royal Botanic Gardens, Kew, UK",2012,2013,Thomas Booth,"1 year internship from University of Manchester, UK",NA,research_staff,NA
"MS Biology, Defence: 3rd April 2019",The endosymbiotic gut fungus *Zancudomyces culisetae* influences transstadial transmission of host-associated microbiota in the yellow fever mosquito (*Aedes aegypti*),"Boise State University, USA",2018,2019,Jonas Frankel-Bricker,Chair: Merlin White; rest of committee: Kevin Feris,NA,graduate_committee,NA
"MS Biology, Defence: 15th February 2019","Lewis’s lost lomatium found: Investigating species boundaries in the rare plant species subcomplex, *Lomatium packardiae*/*anomalum*","Boise State University, USA",2017,2019,Michael Ottenlips,"Chair: James Smith; rest of committee: Stephen Novak, Don Mansfield",NA,graduate_committee,NA
"Ph.D, Defence: 30th September 2015",Radiations adaptatives et diversification des plantes à Madagascar: Exemple des Sarcolaenaceae,"Museum National d’histoire naturelle, Paris, France",2015,2015,Anaëlle Soulebeau,Chair & external examiner,NA,graduate_committee,NA
"Ph.D, Defence: 7th May 2015",Phylogénomique et histoire évolutive de deux familles de plantes a fleurs tropicales,"University of Toulouse, France",2015,2015,Léa Bardon,Rapporteur,NA,graduate_committee,NA
"Ph.D, Defence: 9th March 2015","Filogeografia, genètica de poblacions i citogenètica molecular del gènere *Cheirolophus* (Asteraceae, Cardueae)","University of Barcelona, Spain",2015,2015,Daniel Vitales Serrano,External examiner,NA,graduate_committee,NA
Ph.D,Evolución y sistemática en la subfamilia Fumarioideae,"University of Granada, Spain",2014,2014,Miguel Ángel,International expert,NA,graduate_committee,NA
"Ph.D, Defence: 4th May 2014",Estudis filogenètics i filogeogràfics de la tribu Cardueae i el gènere *Euphorbia*,"University of Barcelona, Spain",2014,2014,Laia Barres,International expert,NA,graduate_committee,NA
"MS Biology, start Fall 2020",TBD,"Boise State University, USA",2020,present,Daniel Botello,Chair: James Smith; rest of committee: Don Mansfield,NA,graduate_committee,NA
"MS Biology, start Fall 2020",Resolving taxonomic uncertainty and clarifying species boundaries in the *Cymopterus terebinthinus* species complex,"Boise State University, USA",2020,present,Annie Taylor,Chair: James Smith; rest of committee: Don Mansfield,NA,graduate_committee,NA
MS Biology,TBD,"Boise State University, USA",2020,present,Bryanna Bright,Chair: Jennifer Forbey; rest of the committee: Amy Ulappa,NA,graduate_committee,NA
"EEB Ph.D., start Spring 2020",Diversification in the Perennial Endemic North American Clade of Apiaceae (PENA): Defining Genera and Species,"Boise State University, USA",2020,present,Phebian Odufuwa,"Chair: James Smith; rest of committee: Don Mansfield, Jodi Brandt",NA,graduate_committee,NA
"EEB Ph.D., start Fall 2018",TBD,"Boise State University, USA",2018,present,Cara Hastings,"Chair: James Smith; rest of committee: Stephen Novak, Allan Bronstein",NA,graduate_committee,NA
Ph.D,TBD,Univeristy of Idaho,2020,present,Lukas Grossfurthner,"Chair: Lisette Waits & Paul Hohenlohe; rest of committee: Bryce Richardson, Jack Sullivan, David Tank",NA,graduate_committee,NA